{
    "file": "rwa_final_envio_schema",
    "createTable": "bi_corp_staging.almacen_rwa_final_envio",
    "location": "/santander/bi-corp/landing/almacen/fact/rwa_final_envio/partition_date=${partition_date_filter}",
    "destination": "/santander/bi-corp/staging/almacen/fact/rwa_final_envio",
    "tempDirectory": "/santander/bi-corp/temp/almacen",
    "extension": "csv",
    "delimiter": "^",
    "header": false,
    "parquetFiles": 1,
    "compression": "gzip",
    "columns": [
        {
            "name": "periodo",
            "type": "string"
        },
        {
            "name": "nup",
            "type": "string"
        },
        {
            "name": "sucursal_cliente",
            "type": "string"
        },
        {
            "name": "stage",
            "type": "string"
        },
        {
            "name": "segmento",
            "type": "string"
        },
        {
            "name": "ead_stage_1",
            "type": "string"
        },
        {
            "name": "ead_stage_2",
            "type": "string"
        },
        {
            "name": "ead_stage_3",
            "type": "string"
        },
        {
            "name": "ead",
            "type": "string"
        },
        {
            "name": "insolvencias_stage_1",
            "type": "string"
        },
        {
            "name": "insolvencias_stage_2",
            "type": "string"
        },
        {
            "name": "insolvencias_stage_3",
            "type": "string"
        },
        {
            "name": "rwa",
            "type": "string"
        },
        {
            "name": "rwa_neteados_negativos",
            "type": "string"
        },
        {
            "name": "rw",
            "type": "string"
        },
        {
            "name": "flag_factor_corrector",
            "type": "string"
        },
        {
            "name": "facturacion_en_euros",
            "type": "string"
        },
        {
            "name": "flag_sblc_avales",
            "type": "string"
        },
        {
            "name": "flag_hipotecas_comerciales",
            "type": "string"
        },
        {
            "name": "agregado_faltante_insolvencia",
            "type": "string"
        },
        {
            "name": "agregado_faltante_offshore",
            "type": "string"
        }
    ],
    "extraColumns": [
        {
            "name": "partition_date",
            "value": "${partition_date}",
            "type": "string",
            "partitionColumn": true,
            "partitionOrder": 1
        }
    ]
}